Title,Description,Link,Published Date,Top Keywords
"Minor offences come back to haunt Indian students in US, told to self-deport","US authorities are now revoking visas of Indian students for minor offenses, including traffic violations, after previously targeting them for alleged campus activism. Dozens have received notices from their schools, citing past incidents like lane shifting, drunk driving, and shoplifting as reasons for immediate departure.",https://timesofindia.indiatimes.com/city/hyderabad/minor-offences-come-back-to-haunt-indian-students-in-us-told-to-self-deport/articleshow/120074215.cms,"Tue, 08 Apr 2025 00:38:48 +0530","Authorities, Revoking, Visas, Indian, Students"
"Students miss JEE exam, claim deputy CM Pawan Kalyan's convoy caused jam","Visakhapatnam students claim they missed their JEE (Main) session 2 exam due to traffic disruptions caused by Deputy CM Pawan Kalyan's convoy. They are requesting a special exam from the NTA, alleging that security measures for the convoy led to significant delays. However, police refute these claims, stating that traffic wasn't stopped and absentee numbers were lower than usual.",https://timesofindia.indiatimes.com/city/visakhapatnam/students-miss-jee-exam-claim-deputy-cm-pawan-kalyans-convoy-caused-visakhapatnam-jam/articleshow/120081118.cms,"Tue, 08 Apr 2025 07:51:42 +0530","Exam, Traffic, Convoy, Visakhapatnam, Students"
'Fake doctor' accused of killing 7 through botched surgeries arrested,"Police in Damoh, MP, have detained N John Camm, also known as Narendra Vikramaditya Yadav, from Prayagraj, UP. He's accused of unauthorized surgeries at Damoh's Mission Hospital, allegedly causing seven patient deaths. Hired for ₹8 lakh monthly, Camm operated on 13 patients. Authorities are investigating discrepancies in his credentials, including an invalid Andhra Pradesh Medical Council registration.",https://timesofindia.indiatimes.com/city/bhopal/doctor-accused-of-causing-death-of-seven-patients-held-by-madhya-pradesh-cops-in-prayagraj/articleshow/120079740.cms,"Tue, 08 Apr 2025 06:56:17 +0530","Damoh, Camm, Police, Detained, John"
"'Concussed' career: Aus cricketer, 27, retires after 1 Test","Australian cricketer Will Pucovski, aged 27, has retired due to persistent concussion symptoms. He last played in March 2024, suffering a head injury. Pucovski, who played one Test match in 2021, revealed ongoing issues like fatigue, headaches, and motion sickness.",https://timesofindia.indiatimes.com/sports/cricket/news/i-really-struggle-with-things-on-my-left-side-former-test-opener-retires-from-cricket-at-27-due-to-concussions/articleshow/120080606.cms,"Tue, 08 Apr 2025 07:37:20 +0530","Pucovski, Played, Australian, Cricketer, Aged"
"American company sacks 700 employees, including 200 in Telugu ‘donation scam'","Fannie Mae laid off 700 employees, with about 200 terminations, primarily of Telugu origin, due to ethical violations related to the misuse of the 'matching grants program'. Employees allegedly colluded with non-profits like TANA, mirroring a similar scam at Apple where employees were fired for exploiting the company's charitable donation matching program.",https://timesofindia.indiatimes.com/technology/tech-news/american-company-sacks-700-of-these-200-in-donation-scam-related-to-telugu-organisations-similar-to-firing-at-apple/articleshow/120075189.cms,"Tue, 08 Apr 2025 02:19:06 +0530","Employees, Matching, Program, Fannie, Laid"
"IPL: Bumrah returns, but Krunal delivers","Royal Challengers Bengaluru edged out Mumbai Indians by 12 runs in a thrilling IPL match at Wankhede Stadium. After RCB posted 221/5, MI's Tilak Varma and Hardik Pandya threatened with a blistering partnership, but crucial wickets in the death overs sealed the win for RCB.",https://timesofindia.indiatimes.com/sports/cricket/ipl/top-stories/ipl-jasprit-bumrah-returns-for-mi-but-krunal-pandya-delivers-win-for-rcb/articleshow/120081725.cms,"Tue, 08 Apr 2025 08:37:56 +0530","Royal, Challengers, Bengaluru, Edged, Mumbai"
"2 dead, 8 injured as 'drunk' driver goes on rampage in Jaipur","In a tragic incident in Jaipur's Nahargarh area, a drunk driver in an SUV rammed into pedestrians and vehicles, resulting in the deaths of two individuals, Avdesh Pareek and Mamta, and injuries to at least eight others. The out-of-control vehicle also struck people and cars on MI Road and Galta Gate, causing chaos and attracting a large crowd.",https://timesofindia.indiatimes.com/city/jaipur/suv-rams-into-pedestrians-2-dead-8-injured/articleshow/120074166.cms,"Tue, 08 Apr 2025 00:35:52 +0530","Tragic, Incident, Jaipur, Nahargarh, Area"
Trump’s tariff shock unleashes the unknown! But is there a silver lining?,"Donald Trump's tariffs have triggered global market turmoil, with Asian markets plummeting and Indian markets experiencing significant losses. Investors are selling shares of companies with US exposure, and foreign investors are pulling out funds. Experts warn of a potential global recession and stagflation, though some remain optimistic about India's long-term growth.",https://timesofindia.indiatimes.com/business/india-business/donald-trumps-tariffs-unleash-the-unknown-on-global-markets-indian-stock-markets-bleed-as-well-but-theres-a-silver-lining-top-5-points-to-note/articleshow/120079798.cms,"Tue, 08 Apr 2025 07:10:49 +0530","Global, Markets, Investors, Donald, Trump"
Wife of Rippling's co-founder accuses him of forcing open marriage ...,"Dhivya Sashidhar has leveled serious allegations of coercion, abuse, and tax evasion against her estranged husband, Rippling co-founder Prasanna Sankar. Sankar, in turn, has accused Sashidhar of infidelity and making false accusations. The couple is currently engaged in a legal custody battle over their nine-year-old son.",https://timesofindia.indiatimes.com/technology/tech-news/wife-of-ripplings-billionaire-co-founder-prasanna-sankar-hits-back-accuses-him-of-forcing-open-marriage-/articleshow/120061703.cms,"Mon, 07 Apr 2025 15:57:44 +0530","Sashidhar, Sankar, Dhivya, Leveled, Serious"
'Cops planted evidence': SC acquits death row convict after a decade,"The Supreme Court acquitted a man after a decade on death row in a rape-murder case, citing a flawed police investigation with planted evidence and an unfair trial. The bench criticized the Uttarakhand police for fabricating evidence and the trial court for its biased proceedings.",https://timesofindia.indiatimes.com/india/cops-planted-evidence-sc-acquits-death-row-convict-after-a-decade/articleshow/120077459.cms,"Tue, 08 Apr 2025 04:26:34 +0530","Court, Police, Evidence, Trial, Supreme"
Top stocks to sell today: Stock market recommendations for April 8,"Stock market sell recommendations: Mirae Asset Sharekhan suggests selling IRB Infra and Paytm. IRB Infra broke a flag pattern, indicating a downtrend towards Rs 38, with resistance at Rs 43.60 and Rs 45. Similarly, Paytm broke a rising wedge pattern, expected to decline to Rs 720, facing resistance at Rs 804 and Rs 822.",https://timesofindia.indiatimes.com/business/india-business/top-stock-recommendations-for-april-08-2025-irb-infra-paytm-stocks-to-sell-today/articleshow/120080364.cms,"Tue, 08 Apr 2025 07:26:23 +0530","Infra, Paytm, Broke, Pattern, Resistance"
‘Incredible real estate’: Trump revives Gaza plan during talks with Netanyahu,"Donald Trump proposed US control over Gaza, envisioning its transformation into a thriving hub and suggesting the relocation of its residents. While Netanyahu acknowledged the need for a new approach, Arab nations rejected the resettlement plan. Leaders from France, Jordan, and Egypt advocated for Palestinian Authority control, a proposal Israel previously dismissed.",https://timesofindia.indiatimes.com/world/us/an-incredible-piece-of-real-estate-trump-revives-gaza-takeover-idea-during-talks-with-netanyahu/articleshow/120077773.cms,"Tue, 08 Apr 2025 04:47:57 +0530","Control, Donald, Trump, Proposed, Gaza"
How Apple 'flew' 5 flights with iPhones from India & China to beat Trump Tariffs,"Anticipating new tariffs imposed by the US, Apple expedited shipments of iPhones and other products from India to the US in late March. This strategic move aimed to avoid a 10% reciprocal tariff, allowing Apple to maintain current pricing temporarily.",https://timesofindia.indiatimes.com/technology/mobiles-tabs/how-apple-flew-5-flights-full-of-iphones-from-india-and-china-in-3-days-to-beat-trump-tariffs/articleshow/120044321.cms,"Mon, 07 Apr 2025 07:50:27 +0530","Apple, Anticipating, Tariffs, Imposed, Expedited"
"Trump's tariffs: Larger the US business, bigger the stock hit","Indian stocks with significant US market exposure are facing heavy selling pressure amid growing recession fears in the US and a potential global slowdown. Concerns over high US import tariffs and retaliatory measures are impacting sectors like auto, metals, software, and pharma.",https://timesofindia.indiatimes.com/business/india-business/us-tariff-larger-the-us-business-bigger-the-stock-hit/articleshow/120078506.cms,"Tue, 08 Apr 2025 05:20:44 +0530","Indian, Stocks, Significant, Market, Exposure"
What did Ayushmann do when he first heard about his wife Tahira's breast cancer?,"Tahira Kashyap, filmmaker and wife of Ayushmann Khurrana, has announced a relapse of her cancer, years after her initial diagnosis and mastectomy in 2019. Ayushmann has shown support for her resilience. He previously recounted hiding in the hospital when they first learned of her breast cancer, emphasizing Tahira's strength and inspiring presence throughout her journey.",https://timesofindia.indiatimes.com/entertainment/hindi/bollywood/news/when-ayushmann-khurrana-hid-behind-a-pillar-at-the-hospital-when-he-found-out-about-tahira-kashyaps-breast-cancer-for-the-first-time/articleshow/120081173.cms,"Tue, 08 Apr 2025 07:55:17 +0530","Tahira, Ayushmann, Cancer, Kashyap, Filmmaker"
Jalandhar: Blast reported outside BJP leader's house,"Around 1 a.m., an explosion occurred outside BJP leader Manoranjan Kalia's Jalandhar residence. Kalia, initially thinking it was thunder, notified the police after being informed of the blast. Forensic teams are currently inspecting the site, and CCTV footage is being reviewed to determine the cause and identify any potential suspects.",https://timesofindia.indiatimes.com/india/blast-outside-bjp-leader-manoranjan-kalias-residence-in-jalandhar/articleshow/120079070.cms,"Tue, 08 Apr 2025 06:09:21 +0530","Kalia, Around, Explosion, Occurred, Outside"
Gujaratis step into space long shaped by Punjabis in Canadian politics,"As Canada gears up for its 45th federal election, a notable shift is occurring within the Indian diaspora. While Punjabi-Canadians have long dominated South Asian political engagement, this election sees a surge of Gujarati-origin candidates entering the political arena.",https://timesofindia.indiatimes.com/nri/us-canada-news/gujaratis-step-into-space-long-shaped-by-punjabis-in-canadian-politics/articleshow/120074073.cms,"Tue, 08 Apr 2025 00:28:44 +0530","Election, Political, Canada, Gears, Federal"
'Sikandar' box office collection: Salman starrer sees decline on second Monday,"After finally crossing Rs 100 crore, the Salman Khan film sees a huge drop in the numbers on day 9 which is second Monday. The film ended up making only Rs 1.75 crore on Monday. Here's the total collection so far!",https://timesofindia.indiatimes.com/entertainment/hindi/bollywood/box-office/sikandar-box-office-collection-day-9-the-salman-khan-starrer-sees-a-huge-decline-on-second-monday-after-crossing-rs-100-crore/articleshow/120078876.cms,"Tue, 08 Apr 2025 05:44:30 +0530","Crore, Film, Monday, Finally, Crossing"
Becoming HC judge is tougher now: Less than 50% make it,"The Supreme Court collegium, led by CJI Sanjiv Khanna, has tightened the selection process for High Court judges, resulting in a significant drop in the success rate of recommended lawyers. Previously, nearly 90% of HC collegia recommendations were approved, but now less than 50% pass muster after mandatory interviews.",https://timesofindia.indiatimes.com/india/becoming-hc-judge-is-tougher-now-less-than-50-make-it/articleshow/120079912.cms,"Tue, 08 Apr 2025 07:04:53 +0530","Court, Supreme, Collegium, Sanjiv, Khanna"
"After tulip stroll with Rijiju, Waqf thorns sprout for Omar Abdullah","J&amp;K Chief Minister Omar Abdullah's morning walk with Union Minister Kiran Rijiju sparked opposition uproar in the assembly. This occurred after the rejection of a motion to discuss the Waqf law, which Rijiju piloted in Parliament.",https://timesofindia.indiatimes.com/india/after-tulip-stroll-with-rijiju-waqf-thorns-sprout-for-omar-abdullah/articleshow/120073497.cms,"Tue, 08 Apr 2025 00:04:06 +0530","Minister, Rijiju, Chief, Omar, Abdullah"
26/11: US SC rejects Rana plea for stay on extradition,"The US Supreme Court has rejected Tahawwur Rana's plea to halt his extradition to India, where he faces charges related to the 2008 Mumbai terror attacks. Rana, a Canadian national, is accused of aiding the Lashkar-e-Taiba (LeT) terror group. He previously served a 14-year sentence for supporting a plot to attack a Danish newspaper and aiding LeT.",https://timesofindia.indiatimes.com/india/26/11-us-sc-rejects-rana-plea-for-stay-on-extradition/articleshow/120079113.cms,"Tue, 08 Apr 2025 06:17:24 +0530","Rana, Terror, Aiding, Supreme, Court"
"Govt puts time riders to receipt, utilisation of funds under FCRA","The Indian government has imposed a three-year limit for NGOs to receive foreign funds under the FCRA after prior permission is granted, with a four-year timeframe for utilizing these funds. The home ministry warned of punitive action for violations, but allows for extensions based on the merits of individual cases. This new rule is effective from April 7, 2025.",https://timesofindia.indiatimes.com/india/govt-puts-time-riders-to-receipt-utilisation-of-funds-under-fcra/articleshow/120079591.cms,"Tue, 08 Apr 2025 06:49:47 +0530","Year, Funds, Indian, Government, Imposed"
Taylor recalls feeling used 'like a prized calf' in fallout with former label boss,"Taylor Swift's relationship with Scott Borchetta of Big Machine Records soured after he sold her masters to Scooter Braun without her consent. Swift felt betrayed, comparing herself to a ""prized calf"" being sold off. Allegedly, Borchetta and Braun spread misinformation about her. Determined to regain control, Swift is re-recording her early albums, reclaiming her music and narrative from powerful men.",https://timesofindia.indiatimes.com/sports/nfl/news/taylor-swift-recalled-feeling-used-like-a-prized-calf-sold-to-the-highest-bidder-in-emotional-fallout-with-former-label-boss/articleshow/120067279.cms,"Tue, 08 Apr 2025 06:02:00 +0530","Swift, Borchetta, Sold, Braun, Taylor"
Didi: Ready to go to jail to ensure eligible teachers don't lose jobs,"West Bengal CM Mamata Banerjee pledged to regularize the jobs of eligible teaching and non-teaching staff affected by the Supreme Court's verdict on the SSC recruitment scam, even risking jail. She assured them of alternative plans to avoid service breaks and promised to complete the process within two months.",https://timesofindia.indiatimes.com/india/didi-ready-to-go-to-jail-to-ensure-eligible-teachers-dont-lose-jobs/articleshow/120077232.cms,"Tue, 08 Apr 2025 04:14:09 +0530","Teaching, West, Bengal, Mamata, Banerjee"
BJD MP blames Pandian for Waqf flip-flop; Naveen promises probe,"Internal conflict within the BJD has escalated following the party's controversial vote on the Waqf Bill. Rajya Sabha member Debashish Samantaray openly blamed former bureaucrat V K Pandian for the voting fiasco, leading to strong criticism from his party colleagues.",https://timesofindia.indiatimes.com/city/bhubaneswar/bjd-mp-blames-pandian-for-waqf-fiasco-colleagues-hit-back/articleshow/120069648.cms,"Mon, 07 Apr 2025 21:26:41 +0530","Party, Internal, Conflict, Within, Escalated"
"MAGA billionaires balk at Donald Trump's tariff gambit, warn of 'economic nuclear winter'",,https://timesofindia.indiatimes.com/business/international-business/maga-billionaires-balk-at-donald-trumps-tariff-gambit-warn-of-economic-nuclear-winter/articleshow/120071896.cms,"Mon, 07 Apr 2025 22:41:47 +0530",N/A
Trump admin wins court approval to fast-track deportations under wartime law,"The US Supreme Court has granted the Trump administration temporary authority to deport Venezuelan migrants accused of gang ties under the Alien Enemies Act of 1798. While allowing fast-track deportations, the court mandated that affected individuals receive a court hearing to contest their removal. The ruling exposed divisions within the court, with dissenting justices raising concerns about bypassing judicial scrutiny.",https://timesofindia.indiatimes.com/world/us/trump-administration-wins-court-approval-to-fast-track-deportations-under-wartime-law/articleshow/120078092.cms,"Tue, 08 Apr 2025 05:02:02 +0530","Court, Supreme, Granted, Trump, Administration"
Trump's tariffs trigger meltdown: The Lal Street bleeds in reciprocal rampage,"Global stock markets plummeted following Donald Trump's tariff announcements, sparking recession fears. Dalal Street mirrored this downturn, with Sensex and Nifty falling sharply, eroding investor wealth significantly. Foreign funds led the sell-off, though domestic investors provided some support. Experts suggest India's strong domestic economy might offer some insulation from the global turmoil, with potential rate cuts on the horizon.",https://timesofindia.indiatimes.com/business/india-business/trumps-tariffs-trigger-meltdown-the-lal-street-bleeds-in-reciprocal-rampage/articleshow/120076675.cms,"Tue, 08 Apr 2025 03:28:50 +0530","Global, Domestic, Stock, Markets, Plummeted"
"Govt raises LPG price for all categories; special excise duty on petrol, diesel","The government has increased LPG prices for all categories, including Ujjwala beneficiaries, and raised the special additional excise duty on petrol and diesel by Rs 2 per litre.",https://timesofindia.indiatimes.com/business/india-business/govt-raises-lpg-price-for-all-categories-special-excise-duty-on-petrol-diesel/articleshow/120073840.cms,"Tue, 08 Apr 2025 00:21:40 +0530","Government, Increased, Prices, Categories, Including"
"SC plays by 'no mention' rule, no urgent Waqf pleas listing","Several Muslim organizations, including DMK, Jamiat Ulama-e-Hind, AIMPLB, and Samastha Kerala Jamiathul Ulema, have challenged the constitutional validity of the Waqf (Amendment) Act in the Supreme Court. The petitions primarily object to the elimination of the 'waqf by user' provision and allege the ""ouster of Muslims"" from waqf management, claiming violations of fundamental rights and religious freedom.",https://timesofindia.indiatimes.com/india/sc-plays-by-no-mention-rule-no-urgent-waqf-pleas-listing/articleshow/120074311.cms,"Tue, 08 Apr 2025 00:44:09 +0530","Waqf, Several, Muslim, Organizations, Including"
Pannun plot: Indian national Nikhil Gupta's trial to begin in Nov,"Nikhil Gupta, an Indian national accused of plotting to assassinate Sikh separatist Gurpatwant Singh Pannun, will face trial in New York on November 3. The trial, initially expected to last two weeks, has been limited to one week by the US district judge.",https://timesofindia.indiatimes.com/india/pannun-plot-gupta-trial-to-begin-in-nov/articleshow/120076731.cms,"Tue, 08 Apr 2025 03:44:15 +0530","Trial, Nikhil, Gupta, Indian, National"
"Rule of law appears to have completely broken down in UP, says SC","The Supreme Court expressed strong disapproval of the Uttar Pradesh police for routinely filing FIRs in civil disputes, highlighting a breakdown of the rule of law. The court directed the state's Director General of Police to submit an affidavit and summoned an investigating officer to explain the misuse of criminal law in a money dispute case from Noida.",https://timesofindia.indiatimes.com/city/lucknow/converting-civil-case-into-criminal-unacceptable-top-court-tells-up-police/articleshow/120068389.cms,"Mon, 07 Apr 2025 20:02:33 +0530","Court, Police, Supreme, Expressed, Strong"
'Resetting the table': Trump says he won’t pause tariffs as markets reel,"Amidst market turmoil, US President Donald Trump remains firm on his tariff policy, dismissing concerns from economists and market anxieties. He threatened China with increased tariffs if it doesn't reverse its trade practices by April 8th, 2025. Financial markets reacted sharply, with the S&amp;P 500 briefly entering bear market territory.",https://timesofindia.indiatimes.com/world/us/resetting-the-table-trump-says-he-wont-pause-tariffs-as-markets-reel/articleshow/120075053.cms,"Tue, 08 Apr 2025 02:13:22 +0530","Market, Amidst, Turmoil, President, Donald"
Trump turns up the heat on China in hostile trade war,"President Trump escalated trade tensions with China, threatening additional tariffs if Beijing doesn't retract its retaliatory measures. He also declared an end to talks with China until the trade deficit is addressed, while demanding reparations from Europe. The US stock market experienced volatility, and Trump urged Americans to remain strong amidst the economic uncertainty.",https://timesofindia.indiatimes.com/world/us/donald-trump-turns-up-the-heat-on-china-in-hostile-trade-war/articleshow/120070006.cms,"Mon, 07 Apr 2025 21:52:49 +0530","Trump, Trade, China, President, Escalated"
Rape-murder: SC acquits man sent to gallows by trial court,"In 2009, a Dalit girl's tragic death led to a conviction for rape and murder, later overturned by the Supreme Court in 2024. The SC cited inadequate legal assistance during the trial, raising questions about judicial training and police investigation.",https://timesofindia.indiatimes.com/india/rape-murder-sc-acquits-man-sent-to-gallows-by-trial-court/articleshow/120076330.cms,"Tue, 08 Apr 2025 03:07:10 +0530","Dalit, Girl, Tragic, Death, Conviction"
E-surveillance will boost border security: Shah in J&K,"Union Home Minister Amit Shah announced the deployment of advanced electronic surveillance systems and technological initiatives to bolster border security during his visit to Jammu and Kashmir. These measures include tunnel detection and anti-drone technology. Shah also met with families of slain policemen, offering support and recognizing the BSF's crucial role as the first line of defense.",https://timesofindia.indiatimes.com/india/electronic-surveillance-system-other-hi-tech-measures-to-be-deployed-to-safeguard-borders-amit-shah/articleshow/120075548.cms,"Tue, 08 Apr 2025 02:39:05 +0530","Shah, Union, Home, Minister, Amit"
'Military space doctrine' in 2-3 months: CDS Anil Chauhan amid China push,"India is developing a military space doctrine expected within months, according to Chief of Defence Staff General Anil Chauhan. This initiative responds to China's growing space warfare capabilities and aims to establish a robust ""space culture"" within India. The doctrine will guide the Defence Space Agency and inform a national military space policy, fostering innovation and strategic capabilities.",https://timesofindia.indiatimes.com/india/military-space-doctrine-in-2-3-months-cds-anil-chauhan-amid-china-push/articleshow/120075733.cms,"Tue, 08 Apr 2025 02:47:09 +0530","Space, India, Military, Doctrine, Within"
"1 killed, 8 hurt as ‘drunk’ film director crashes SUV in Kolkata","In Kolkata's Thakurpukur, director Siddhant Das, allegedly intoxicated, drove his SUV into a crowded market, resulting in the death of a vegetable vendor and critically injuring eight others. Enraged locals vandalized the vehicle and assaulted Das before police intervened and arrested him.",https://timesofindia.indiatimes.com/india/1-killed-8-hurt-as-drunk-film-director-crashes-suv-in-kolkata/articleshow/120076397.cms,"Tue, 08 Apr 2025 03:10:57 +0530","Kolkata, Thakurpukur, Director, Siddhant, Allegedly"
IPL: Krunal 4-for floors brother Hardik Pandya's Mumbai Indians,"Royal Challengers Bengaluru defeated Mumbai Indians by 12 runs in IPL 2025. Krunal Pandya's brilliant bowling performance was the game changer. He took 4 wickets, including that of his brother Hardik. Rajat Patidar and Virat Kohli scored 64 and 67 respectively for RCB. Hardik and Tilak Varma fought hard for MI.",https://timesofindia.indiatimes.com/sports/cricket/ipl/top-stories/krunal-4-for-floors-brother-hardik-pandyas-mumbai-indians-in-intense-ipl-showdown/articleshow/120072840.cms,"Mon, 07 Apr 2025 23:49:12 +0530","Hardik, Royal, Challengers, Bengaluru, Defeated"
Trump warns Iran of 'great danger' if nuclear deal collapses,"Donald Trump has issued a stern warning to Iran, hinting at potential military action if diplomatic efforts to curb its nuclear ambitions fail. Direct talks are scheduled, but Iran's Supreme Leader remains opposed. Tensions escalate as Iran enriches uranium, nearing weapons-grade levels.",https://timesofindia.indiatimes.com/world/us/they-cant-have-a-nuclear-weapon-trump-warns-iran-of-great-danger-if-nuclear-deal-collapses/articleshow/120074796.cms,"Tue, 08 Apr 2025 01:53:58 +0530","Iran, Donald, Trump, Issued, Stern"
'Dirty game': Mamata tries to woo sacked teachers as BJP piles pressure,"West Bengal's political arena is ablaze once more as BJP and TMC clash over the school jobs case, impacting 25,753 teachers. The Calcutta High Court's annulment of appointments due to fraud has triggered a blame game, with BJP demanding Mamata Banerjee's resignation and accusing her nephew of corruption.",https://timesofindia.indiatimes.com/india/dirty-game-being-played-mamata-tries-to-woo-sacked-bengal-teachers-as-bjp-piles-pressure-over-school-jobs-case/articleshow/120068997.cms,"Mon, 07 Apr 2025 21:24:13 +0530","West, Bengal, Political, Arena, Ablaze"
$9.5tn and counting: How Trump's 'Chart of Death' has upended world markets,"Global financial markets experienced a significant downturn, erasing trillions in equity value due to President Trump's tariffs. Major indices entered bear market territory, with stocks, commodities, and crypto plummeting as investors sought safety in Treasuries and the yen. Recession fears are escalating, prompting market volatility and concerns about the Federal Reserve's response.",https://timesofindia.indiatimes.com/business/international-business/9-5-trillion-and-counting-how-donald-trumps-chart-of-death-has-upended-world-markets-10-big-numbers/articleshow/120068358.cms,"Mon, 07 Apr 2025 20:19:04 +0530","Market, Global, Financial, Markets, Experienced"
Bomb threat note found in IndiGo toilet: Aircraft makes emergency landing,"An IndiGo flight 6E 5324, carrying 225 passengers from Jaipur to Mumbai, made an emergency landing at Chhatrapati Shivaji International Airport around 8:50 pm on April 7 following a bomb threat. A note indicating a bomb threat was discovered in one of the aircraft's lavatories.",https://timesofindia.indiatimes.com/india/bomb-threat-found-in-indigo-toilet-aircraft-makes-full-emergency-landing-in-mumbai/articleshow/120072258.cms,"Mon, 07 Apr 2025 22:53:26 +0530","Bomb, Threat, Indigo, Flight, Carrying"
"IPL: After Chepauk, RCB end another long-term drought at Wankhede","Royal Challengers Bengaluru ended their decade-long losing streak at Wankhede Stadium, defeating Mumbai Indians by 12 runs in a thrilling IPL match. Bengaluru posted a strong 221-5, propelled by Virat Kohli, Rajat Patidar, and Jitesh Sharma. Despite a valiant effort from Hardik Pandya and Tilak Varma, Mumbai fell short, losing key wickets in the final overs.",https://timesofindia.indiatimes.com/sports/cricket/ipl/top-stories/ipl-2025-after-chepauk-rcb-end-another-long-term-drought-at-wankhede-stadium/articleshow/120073934.cms,"Tue, 08 Apr 2025 00:24:20 +0530","Bengaluru, Losing, Mumbai, Royal, Challengers"
Russia 'monitoring situation closely' as oil prices fall after Trump's tariff,"The global oil market is facing turbulence following the US's implementation of new tariffs on numerous countries, impacting Russia's budget. Brent crude oil futures have plummeted to their lowest level since April 2021. Kremlin Spokesman Dmitry Peskov expressed concern over the market volatility and assured that Russia is taking measures to safeguard its economy.",https://timesofindia.indiatimes.com/world/europe/extremely-turbulent-russia-monitoring-situation-closely-as-oil-prices-fall-after-trumps-tariff/articleshow/120072432.cms,"Mon, 07 Apr 2025 23:24:08 +0530","Market, Russia, Global, Facing, Turbulence"
'Unacceptable': UK slams Israel over detention of British MPs,"British Minister Hamish Falconer strongly condemned Israel's denial of entry to two British MPs, Yuan Yang and Abtisam Mohamed, despite prior clearance. Detained for six hours upon arrival, they were later flown back to the UK. Falconer highlighted this unprecedented action against democratically elected officials from a partner nation.",https://timesofindia.indiatimes.com/world/uk/unacceptable-and-deeply-concerning-uk-minister-condemns-israels-detention-of-british-mps/articleshow/120073106.cms,"Mon, 07 Apr 2025 23:46:29 +0530","British, Falconer, Minister, Hamish, Strongly"
Wankhede roars! Noise hits 138 dB as Kohli gets Dhoni-like welcome,"Virat Kohli was greeted with an overwhelming reception at Wankhede Stadium during the RCB-MI clash in IPL 2025, as the crowd's roar reached a record-breaking 138 decibels. Echoing the frenzy usually reserved for MS Dhoni, Kohli responded with a brilliant innings of 67 runs. He also became the first Indian to surpass 13,000 T20 runs, solidifying his legendary status.",https://timesofindia.indiatimes.com/sports/cricket/ipl/top-stories/wankhede-roars-noise-hits-138-db-as-virat-kohli-gets-dhoni-like-welcome/articleshow/120071115.cms,"Mon, 07 Apr 2025 22:17:01 +0530","Kohli, Runs, Virat, Greeted, Overwhelming"
Heatwaves drove 1/3rd of rise in India's power demand during 2024 summer: Report,"During the peak heatwave months from April to June, the demand was 10.8% higher than the previous year",https://www.thehindu.com/news/national/heatwaves-drove-13rd-of-rise-in-indias-power-demand-during-2024-summer-report/article69425659.ece,"Tue, 08 Apr 2025 08:30:22 +0530","Peak, Heatwave, Months, April, June"
A case for a fair seat allocation,Article 1 of the Constitution proclaims that India shall be a Union of States. The term Union implies that the arrangement or rearrangement of the component units should be on the basis of equity. There are serious apprehensions in the south on the question of readjustment of seats in the Lok Sabha,https://www.thehindu.com/news/national/a-case-for-a-fair-seat-allocation/article69422790.ece,"Tue, 08 Apr 2025 08:30:00 +0530","Union, Article, Constitution, Proclaims, India"
Children undergoing cancer treatment in Mumbai and Chennai get chess coaching classes,"For children undergoing cancer treatment, chess can help prevent potential cognitive decline and promote emotional resilience during their cancer treatment.",https://www.thehindu.com/sci-tech/health/children-undergoing-cancer-treatment-in-mumbai-and-chennai-get-chess-coaching-classes/article69409956.ece,"Tue, 08 Apr 2025 07:17:26 +0530","Cancer, Treatment, Children, Undergoing, Chess"
Jalgaon authorities cancel 43 forged birth and death document orders,"On February 21, 2025, a person suddenly submitted a total of 50 birth and death document orders of the Tehsildar to the Birth and Death Department of the Municipal Corporation but when it was scrutinised, it was found that the signature on the order was forged.",https://www.thehindu.com/news/national/maharashtra/jalgaon-authorities-cancel-43-forged-birth-and-death-document-orders/article69419941.ece,"Tue, 08 Apr 2025 07:15:49 +0530","Birth, Death, February, Person, Suddenly"
Pune woman’s death: probe panel finds hospital guilty of denying immediate treatment,"A state-appointed probe committee has found Deenanath Mangeshkar Hospital in Pune in violation of emergency care norms after it allegedly denied admission to a pregnant woman, Tanisha Bhise, said the hospital failed to comply with the Bombay Public Trust Act",https://www.thehindu.com/news/national/maharashtra/pune-womans-death-probe-panel-finds-hospital-guilty-of-denying-immediate-treatment/article69423815.ece,"Tue, 08 Apr 2025 07:03:54 +0530","Hospital, State, Appointed, Probe, Committee"
"Morning Digest: MEA Jaishankar, U.S. Secretary of State Rubio pitch for early conclusion of the Bilateral Trade Agreement; Trump urges Netanyahu to end Gaza war, and more",Here is a select list of stories to start your day.,https://www.thehindu.com/news/the-hindu-morning-digest-april-8-2025/article69424555.ece,"Tue, 08 Apr 2025 06:42:46 +0530","Select, List, Stories, Start"
Farmers leave tomatoes in fields as price drops to ₹2 a kg,The farmers said the selling price of one box (15 kg) of tomatoes is anywhere between ₹30 to ₹200 (₹2 per kg to ₹13 per kg) at the Kolar Agricultural Produce Market Committee,https://www.thehindu.com/news/national/karnataka/farmers-leave-tomatoes-in-fields-as-price-drops-to-2-a-kg/article69423899.ece,"Tue, 08 Apr 2025 06:17:00 +0530","Farmers, Said, Selling, Price, Tomatoes"
Kashmir’s lesser-known spring blooms,"For centuries, ethnic communities have used these endemic blooms for medicinal and cultural purposes",https://www.thehindu.com/sci-tech/energy-and-environment/kashmir-lesser-known-spring-blooms/article69422444.ece,"Tue, 08 Apr 2025 05:30:00 +0530","Centuries, Ethnic, Communities, Used, Endemic"
Association decides to resume services under Dr. NTR Vaidya Seva after meet with CM,,https://www.thehindu.com/news/national/andhra-pradesh/association-decides-to-resume-services-under-dr-ntr-vaidya-seva-after-meet-with-cm/article69424594.ece,"Tue, 08 Apr 2025 03:44:58 +0530",N/A
"Plea in SC accuses MNS chief Raj Thackeray of hate speech, Maharashtra govt. of inaction","Sunil Shukla, the national president of Uttar Bhartiya Vikas Sena, said his advocacy for the rights of north Indians had made him a target for harassment and physical intimidation by MNS and its affiliated groups",https://www.thehindu.com/news/national/plea-in-sc-accuses-mns-chief-raj-thackeray-of-hate-speech-maharashtra-govt-of-inaction/article69424119.ece,"Tue, 08 Apr 2025 03:03:00 +0530","Sunil, Shukla, National, President, Uttar"
CBI arrests two Railway officials on graft charge,"Subsequent searches led to the seizure of about ₹63.85 lakh in cash, gold bars and ornaments worth close to ₹3.46 crore.",https://www.thehindu.com/news/national/cbi-arrests-two-railway-officials-on-graft-charge/article69424485.ece,"Tue, 08 Apr 2025 02:43:00 +0530","Subsequent, Searches, Seizure, Lakh, Cash"
"Opposition targets CM Mamata Banerjee over 25,000 job losses",Protests by BJP leaders also led to the arrests of multiple protesters including senior leader Locket Chatterjee,https://www.thehindu.com/news/national/west-bengal/opposition-targets-cm-mamata-banerjee-over-25000-job-losses/article69423302.ece,"Tue, 08 Apr 2025 02:27:00 +0530","Protests, Leaders, Also, Arrests, Multiple"
Raking up the caste card in West Bengal,Caste is increasingly becoming crucial to people’s identity and the State’s politics,https://www.thehindu.com/opinion/op-ed/the-rise-of-caste-in-west-bengal/article69423061.ece,"Tue, 08 Apr 2025 01:54:58 +0530","Caste, Increasingly, Becoming, Crucial, People"
"South Central Railway earns record originating revenue of ₹20,452 crore in FY 24-25",SCR achieved the milestone backed by excellent performance in both freight and passenger segments,https://www.thehindu.com/news/national/telangana/south-central-railway-earns-record-originating-revenue-of-20452-crore-in-fy-24-25/article69422705.ece,"Tue, 08 Apr 2025 01:51:04 +0530","Achieved, Milestone, Backed, Excellent, Performance"
Telangana Governor inaugurates renovated tribal museum at ITDA headquarters in Bhadrachalam,,https://www.thehindu.com/news/national/telangana/telangana-governor-inaugurates-renovated-tribal-museum-at-itda-headquarters-in-bhadrachalam/article69423854.ece,"Tue, 08 Apr 2025 01:47:27 +0530",N/A
"Obesity to anxiety, report flags rising tide of lifestyle diseases in Telangana","Apollo Hospitals’ HoN-2025 report reveals alarming trends in lifestyle diseases, urging immediate action to combat rising health risks",https://www.thehindu.com/news/cities/Hyderabad/obesity-to-anxiety-report-flags-rising-tide-of-lifestyle-diseases-in-telangana/article69423154.ece,"Tue, 08 Apr 2025 01:45:01 +0530","Apollo, Hospitals, Report, Reveals, Alarming"
"Intermediate education needs corrective interventions, says  Telangana gazetted junior lecturers’ association","As of 2025, the State has 424 government junior colleges for both general and vocational streams and nearly 1.43 lakh students",https://www.thehindu.com/news/national/telangana/intermediate-education-needs-corrective-interventions-says-telangana-gazetted-junior-lecturers-association/article69423582.ece,"Tue, 08 Apr 2025 01:41:50 +0530","State, Government, Junior, Colleges, General"
Telangana poised to emerge as hub for highly skilled HR: Minister Sridhar Babu,"The government is committed to equipping the youth of Telangana with top-tier skills to align with the evolving needs of various industries, Mr.Sridhar Babu said",https://www.thehindu.com/news/cities/Hyderabad/telangana-poised-to-emerge-as-hub-for-highly-skilled-hr-minister-sridhar-babu/article69423125.ece,"Tue, 08 Apr 2025 01:40:30 +0530","Government, Committed, Equipping, Youth, Telangana"
"‘Turned away’ by two private hospital in Gurugram, techie dies of accident injuries","Shomita Singh a 28-year-old software engineer and part of a women riders’ group, was hit by a sedan coming from the front in Badshahpur on Sunday",https://www.thehindu.com/news/national/haryana/turned-away-by-two-private-hospital-in-gurugram-techie-dies-of-accident-injuries/article69424711.ece,"Tue, 08 Apr 2025 01:09:24 +0530","Shomita, Singh, Year, Software, Engineer"
Two of family die in road accident,,https://www.thehindu.com/news/national/karnataka/two-of-family-die-in-road-accident/article69423256.ece,"Tue, 08 Apr 2025 00:54:09 +0530",N/A
"Tariff impact on aqua sector: govt. to form panel to resolve issue, says CM",,https://www.thehindu.com/news/national/andhra-pradesh/tariff-impact-on-aqua-sector-govt-to-form-panel-to-resolve-issue-says-cm/article69424540.ece,"Tue, 08 Apr 2025 00:51:14 +0530",N/A
Municipal Commissioners instructed to monitor progress of work on TIDCO houses regularly,,https://www.thehindu.com/news/national/andhra-pradesh/municipal-commissioners-instructed-to-monitor-progress-of-work-on-tidco-houses-regularly/article69423624.ece,"Tue, 08 Apr 2025 00:50:05 +0530",N/A
Lalitha Hospital launches health awareness month on World Health Day in Guntur,,https://www.thehindu.com/news/national/andhra-pradesh/lalitha-hospital-launches-health-awareness-month-on-world-health-day-in-guntur/article69423848.ece,"Tue, 08 Apr 2025 00:49:13 +0530",N/A
Aqua farmers to constitute National Prawn Coordination Committee,"Farmers, traders to promote nutritional values of shrimp, fish and take measures to increase domestic consumption, says Minister Atchannaidu",https://www.thehindu.com/news/national/andhra-pradesh/aqua-farmers-to-constitute-national-prawn-coordination-committee/article69423627.ece,"Tue, 08 Apr 2025 00:48:13 +0530","Farmers, Traders, Promote, Nutritional, Values"
A.P. conducting mock drills to be prepared for disasters during southwest monsoon,,https://www.thehindu.com/news/national/andhra-pradesh/ap-conducting-mock-drills-to-be-prepared-for-disasters-during-southwest-monsoon/article69423914.ece,"Tue, 08 Apr 2025 00:47:20 +0530",N/A
Domestic LPG cylinder to cost more from today,,https://www.thehindu.com/news/cities/Hyderabad/domestic-lpg-cylinder-to-cost-more-from-today/article69424392.ece,"Tue, 08 Apr 2025 00:42:50 +0530",N/A
ED searches conducted in breach of legal provisions: N.R. Elango,,https://www.thehindu.com/news/national/tamil-nadu/ed-searches-conducted-in-breach-of-legal-provisions-nr-elango/article69424097.ece,"Tue, 08 Apr 2025 00:38:53 +0530",N/A
"Jaishankar, Rubio pitch for early conclusion of the Bilateral Trade Agreement","In first call since U.S. imposed tariffs, the External Affairs Minister and the U.S. Secretary of State discuss trade and regional issues",https://www.thehindu.com/news/national/jaishankar-rubio-pitch-for-early-conclusion-of-the-bilateral-trade-agreement/article69424671.ece,"Tue, 08 Apr 2025 00:35:43 +0530","First, Call, Since, Imposed, Tariffs"
GRAKOOS members protest seeking work under MNREGA,,https://www.thehindu.com/news/national/karnataka/grakoos-members-protest-seeking-work-under-mnrega/article69423589.ece,"Tue, 08 Apr 2025 00:35:09 +0530",N/A
Mega rally in support of B.P. Yatnal in Vijayapura on May 11,,https://www.thehindu.com/news/national/karnataka/mega-rally-in-support-of-bp-yatnal-in-vijayapura-on-may-11/article69424008.ece,"Tue, 08 Apr 2025 00:33:13 +0530",N/A
President Droupadi Murmu given City Key of Honour in Lisbon,"Terming the Indian diaspora as the “bedrock of our relations”, President Murmu said they are making valuable contribution to the society and economy of Portugal.",https://www.thehindu.com/news/international/president-droupadi-murmu-given-city-key-of-honour-in-lisbon/article69424668.ece,"Tue, 08 Apr 2025 00:15:49 +0530","Terming, Indian, Diaspora, Bedrock, Relations"
"Want to be on the field with people, says Annamalai",,https://www.thehindu.com/news/national/tamil-nadu/want-to-be-on-the-field-with-people-says-annamalai/article69424557.ece,"Tue, 08 Apr 2025 00:00:11 +0530",N/A
Proposed sports academy to strengthen Kozhikode Corpn.’s anti-drug drive,"Revamping playgrounds, launching coaching centres, and organising inter-school competitions among initiatives",https://www.thehindu.com/news/national/kerala/proposed-sports-academy-to-strengthen-kozhikode-corpns-anti-drug-drive/article69423694.ece,"Mon, 07 Apr 2025 23:38:07 +0530","Revamping, Playgrounds, Launching, Coaching, Centres"
Youth Cong. march turns violent in Kannur,,https://www.thehindu.com/news/national/kerala/youth-cong-march-turns-violent-in-kannur/article69423541.ece,"Mon, 07 Apr 2025 23:36:01 +0530",N/A
Parading of injured elephant during temple festival in Kannur draws ire,,https://www.thehindu.com/news/national/kerala/parading-of-injured-elephant-during-temple-festival-in-kannur-draws-ire/article69423362.ece,"Mon, 07 Apr 2025 23:34:31 +0530",N/A
Farmers’ organisations led by UDF to launch stir against delay in tackling wildlife attacks in Kozhikode,"Protests to begin with march to Peruvannamuzhi forest office; farmers cite crop loss, poor compensation, and official apathy as key concerns in escalating human-wildlife conflict",https://www.thehindu.com/news/national/kerala/farmers-organisations-led-by-udf-to-launch-stir-against-delay-in-tackling-wildlife-attacks-in-kozhikode/article69422951.ece,"Mon, 07 Apr 2025 23:32:44 +0530","Protests, Begin, March, Peruvannamuzhi, Forest"
Foreign funds through prior permission valid only for four years: Home Ministry,"In the earlier policy, the spending window remained open and valid till the entire fund was utilised",https://www.thehindu.com/news/national/foreign-funds-through-prior-permission-valid-only-for-four-years-home-ministry/article69424529.ece,"Mon, 07 Apr 2025 23:31:05 +0530","Earlier, Policy, Spending, Window, Remained"
Newly elected MLCs take oath increasing Congress’s strength,,https://www.thehindu.com/news/national/telangana/newly-elected-mlcs-take-oath-increasing-congresss-strength/article69424565.ece,"Mon, 07 Apr 2025 23:30:57 +0530",N/A
Minister inaugurates desilting works in Cuddalore district,,https://www.thehindu.com/news/national/tamil-nadu/minister-inaugurates-desilting-works-in-cuddalore-district/article69422778.ece,"Mon, 07 Apr 2025 23:30:56 +0530",N/A
Kishan Reddy deletes AI generated image post,,https://www.thehindu.com/news/national/telangana/kishan-reddy-deletes-ai-generated-image-post/article69424523.ece,"Mon, 07 Apr 2025 23:18:19 +0530",N/A
MoU signed between the Supreme Courts of India and Nepal,"This MoU aims to create formal mechanisms for judicial exchanges, joint research, training programmes, seminars, and visits",https://www.thehindu.com/news/national/mou-signed-between-the-supreme-courts-of-india-and-nepal/article69423885.ece,"Mon, 07 Apr 2025 23:14:44 +0530","Aims, Create, Formal, Mechanisms, Judicial"
"Man who allegedly posed as doctor, performed heart surgeries held",The matter came to light on April 5 after the Damoh Child Welfare Committee said a probe was underway by a district-level committee against a man who impersonated as a doctor using forged documents and performed surgeries on heart patients at Mission Hospital,https://www.thehindu.com/news/national/madhya-pradesh/madhya-pradesh-man-who-allegedly-posed-as-doctor-damoh-performed-heart-surgeries-held/article69424399.ece,"Mon, 07 Apr 2025 23:13:51 +0530","Committee, Matter, Came, Light, April"
J&K HC orders holding of no-confidence motion; Budgam District Development Council Chairperson removed,The ruling National Conference terms the removal of Nazir Khan as DDC Chairperson a ‘powerful assertion of democratic will at the grassroots level’,https://www.thehindu.com/news/national/jammu-and-kashmir/jk-hc-orders-holding-of-no-confidence-motion-budgam-district-development-council-chairperson-removed/article69424269.ece,"Mon, 07 Apr 2025 23:09:19 +0530","Ruling, National, Conference, Terms, Removal"
Career guidance for XII students held in Melvisharam near Arcot,,https://www.thehindu.com/news/national/tamil-nadu/career-guidance-for-xii-students-held-in-melvisharam-near-arcot/article69419582.ece,"Mon, 07 Apr 2025 23:01:16 +0530",N/A
IIT-Madras develops wearable indoor mapping technology,UbiqMap uses radio frequency imaging and will empower first responders in rescue operations,https://www.thehindu.com/news/national/tamil-nadu/iit-madras-develops-wearable-indoor-mapping-technology/article69423075.ece,"Mon, 07 Apr 2025 22:49:25 +0530","Ubiqmap, Uses, Radio, Frequency, Imaging"
Congress to showcase Mahatma Gandhi and Sardar Patel’s legacy in AICC session in Gujarat,The AICC session is being held in Gujarat after 64 years with the last one held at Bhavnagar in 1961,https://www.thehindu.com/news/national/gujarat/congress-to-showcase-mahatma-gandhi-and-sardar-patels-legacy-in-aicc-session-in-gujarat/article69423686.ece,"Mon, 07 Apr 2025 22:47:55 +0530","Held, Aicc, Session, Gujarat, Years"
"‘Mineral bearing land tax to fetch ₹2,400 crore annually’",,https://www.thehindu.com/news/national/tamil-nadu/mineral-bearing-land-tax-to-fetch-2400-crore-annually/article69423226.ece,"Mon, 07 Apr 2025 22:47:29 +0530",N/A
NGT directs TNPCB to act on untreated sewage discharge into Gulf of Mannar,"While hearing a suo motu case on the issue of pollution off the Ramanathapuram coast, Justice Pushpa Sathyanarayana referred to Tamil Nadu Pollution Control Board’s report that said the Keelakarai municipality generates 3.25 mld of sewage",https://www.thehindu.com/news/national/tamil-nadu/ngt-directs-tnpcb-to-act-on-untreated-sewage-discharge-into-gulf-of-mannar/article69423507.ece,"Mon, 07 Apr 2025 22:45:23 +0530","Pollution, Hearing, Motu, Case, Issue"
Seminar on centenary birth anniversary of Shantarasa,,https://www.thehindu.com/news/national/karnataka/seminar-on-centenary-birth-anniversary-of-shantarasa/article69423662.ece,"Mon, 07 Apr 2025 22:40:46 +0530",N/A
Over 250 vascular procedures performed in a year at private heart hospital in Dharwad,,https://www.thehindu.com/news/national/karnataka/over-250-vascular-procedures-performed-in-a-year-at-private-heart-hospital-in-dharwad/article69423575.ece,"Mon, 07 Apr 2025 22:38:45 +0530",N/A
"India working on 'military space doctrine', expected to be out in three months, says CDS","In his inaugural address at the third edition of the Indian DefSpace Symposium here, the Chief of Defence Staff (CDS) emphasised the space sector reforms undertaken by the country in recent years, and the works of Defence Space Agency",https://www.thehindu.com/news/national/india-working-on-military-space-doctrine-expected-to-be-out-in-three-months-says-cds/article69424189.ece,"Mon, 07 Apr 2025 22:36:40 +0530","Defence, Space, Inaugural, Address, Third"
China’s unfair trade practices behind global turmoil: Piyush Goyal,"Speaking on “reciprocal tariffs”, Mr. Goyal underlined that India charged fairly low tariffs on the U.S.",https://www.thehindu.com/business/Economy/chinas-unfair-trade-practices-behind-global-turmoil-goyal/article69424531.ece,"Mon, 07 Apr 2025 22:33:45 +0530","Tariffs, Speaking, Reciprocal, Goyal, Underlined"
"Rollback hike in LPG prices, excise duty on petrol, diesel: Stalin",,https://www.thehindu.com/news/national/tamil-nadu/rollback-hike-in-lpg-prices-excise-duty-on-petrol-diesel-stalin/article69423768.ece,"Mon, 07 Apr 2025 22:32:58 +0530",N/A
State Cabinet Sub-committee to discuss drinking water crisis in next week meeting,,https://www.thehindu.com/news/national/karnataka/state-cabinet-sub-committee-to-discuss-drinking-water-crisis-in-next-week-meeting/article69423151.ece,"Mon, 07 Apr 2025 22:29:44 +0530",N/A
"Days after Modi-Yunus meeting in Bangkok, Bangladesh sends High Commissioner to New Delhi mission",He has previously served as the Ambassador of Bangladesh to Sri Lanka and the Netherlands,https://www.thehindu.com/news/national/days-after-modi-yunus-meeting-in-bangkok-bangladesh-sends-high-commissioner-to-new-delhi-mission/article69424007.ece,"Mon, 07 Apr 2025 22:29:08 +0530","Previously, Served, Ambassador, Bangladesh, Lanka"
"Pralhad Joshi, Santosh Lad lash out at each other",,https://www.thehindu.com/news/national/karnataka/pralhad-joshi-santosh-lad-lash-out-at-each-other/article69423788.ece,"Mon, 07 Apr 2025 22:24:52 +0530",N/A
TPCC chief challenges BJP leaders to debate Modi government’s role Telangana’s development,,https://www.thehindu.com/news/national/telangana/tpcc-chief-challenges-bjp-leaders-to-debate-modi-governments-role-telanganas-development/article69424398.ece,"Mon, 07 Apr 2025 22:12:49 +0530",N/A
Chief Minister M.K. Stalin accepts request to build memorial hall for late Dravidian leader W.P.A. Soundarapandian,,https://www.thehindu.com/news/national/tamil-nadu/chief-minister-mk-stalin-accepts-request-to-build-memorial-hall-for-late-dravidian-leader-wpa-soundarapandian/article69423712.ece,"Mon, 07 Apr 2025 22:11:21 +0530",N/A
Mahatma Gandhi had recognised rights of Palestinians to their land: Palestinian envoy,"New envoy speaks of killing of Palestinians by Israeli armed forces in Gaza and West Bank, of international media’s poor coverage and Netanyahu’s role in the war",https://www.thehindu.com/news/national/mahatma-gandhi-had-recognised-rights-of-palestinians-to-their-land-palestinian-envoy/article69424301.ece,"Mon, 07 Apr 2025 22:10:21 +0530","Envoy, Speaks, Killing, Palestinians, Israeli"
"BJP, BRS conspiring over Kancha Gachibowli land issue: MP Chamala",,https://www.thehindu.com/news/national/telangana/bjp-brs-conspiring-over-kancha-gachibowli-land-issue-mp-chamala/article69424179.ece,"Mon, 07 Apr 2025 22:06:03 +0530",N/A
"60% of lands under Hill Area Conservation Authority likely to be released, says Minister",,https://www.thehindu.com/news/national/tamil-nadu/60-of-lands-under-hill-area-conservation-authority-likely-to-be-released-says-minister/article69423725.ece,"Mon, 07 Apr 2025 22:03:04 +0530",N/A
Entire Pakistan border to be covered with electronic surveillance system in four years: Amit Shah,"During an interaction with BSF personnel at an outpost in Kathua, the Union Home Minister says after the installation of the technology, soldiers will find it much easier to receive information and respond immediately to any actions by the enemy. He also met the families of policeman killed by terrorists.",https://www.thehindu.com/news/national/entire-pakistan-border-to-be-covered-with-electronic-surveillance-system-in-four-years-amit-shah/article69424268.ece,"Mon, 07 Apr 2025 22:01:45 +0530","Interaction, Personnel, Outpost, Kathua, Union"
Lahar Singh urges Karnataka govt. not to succumb to pressure to lift ban on Bandipur night traffic,,https://www.thehindu.com/news/national/karnataka/lahar-singh-urges-karnataka-govt-not-to-succumb-to-pressure-to-lift-ban-on-bandipur-night-traffic/article69424149.ece,"Mon, 07 Apr 2025 22:00:22 +0530",N/A
15 AIADMK MLAs evicted from Assembly for displaying placards without Speaker’s permission,"As 14 out of the 15 AIADMK MLAs evicted on Monday were sent out for the second time during the ongoing session, Speaker M. Appavu initially said they could not take part in the rest of the session. The Speaker eventually reduced the suspension period to a day following a request made by Chief Minister M.K. Stalin",https://www.thehindu.com/news/national/tamil-nadu/15-aiadmk-mlas-evicted-from-assembly-for-displaying-placards-without-speakers-permission/article69423836.ece,"Mon, 07 Apr 2025 21:59:38 +0530","Session, Speaker, Aiadmk, Mlas, Evicted"
"As Amit Shah arrives in Kashmir, three more separatists quit Hurriyat, pledge allegiance to Constitution",There has been a series of such public renunciation of separatism by separatist leaders in the past one month in Kashmir. It’s for the first time since militancy broke out in 1990 that separatists issued such statements.,https://www.thehindu.com/news/national/jammu-and-kashmir/as-amit-shah-arrives-in-kashmir-three-more-separatists-quit-hurriyat-pledge-allegiance-to-constitution/article69424107.ece,"Mon, 07 Apr 2025 21:52:16 +0530","Series, Public, Renunciation, Separatism, Separatist"
A ‘EEE Project’ solution for the University of Hyderabad land including international education corridor and eco-park,"The aim is to elevate Hyderabad’s status as a global education destination, environmentally sensitive and employment-oriented",https://www.thehindu.com/news/national/telangana/a-eee-project-solution-for-the-university-of-hyderabad-land/article69424341.ece,"Mon, 07 Apr 2025 21:51:36 +0530","Elevate, Hyderabad, Status, Global, Education"
"HDK hits out at Cheluvarayaswamy, calls him as ‘joker’",,https://www.thehindu.com/news/national/karnataka/hdk-hits-out-at-cheluvarayaswamy-calls-him-as-joker/article69424357.ece,"Mon, 07 Apr 2025 21:50:47 +0530",N/A
U.S. Supreme Court denies Tahawwur Rana’s application seeking stay on extradition to India,"Rana, 64, a Canadian national of Pakistani origin, is currently lodged in the Metropolitan Detention Center in Los Angeles",https://www.thehindu.com/news/international/us-supreme-court-denies-tahawwur-ranas-application-seeking-a-stay-on-his-extradition-to-india/article69424173.ece,"Mon, 07 Apr 2025 21:49:42 +0530","Rana, Canadian, National, Pakistani, Origin"
Pilot rest and duty norms: Delhi HC disposes of matter after DGCA undertaking on July 1 timeline,"In its order on February 24, 2025, the court ruled that the weekly rest for pilots will be raised from 36 hours to 48 hours from July 1 as part of phase-wise implementation of DGCA’s revised norms for pilots",https://www.thehindu.com/news/national/pilot-rest-and-duty-norms-delhi-hc-disposes-of-matter-after-dgca-undertaking-on-july-1-timeline/article69424368.ece,"Mon, 07 Apr 2025 21:45:56 +0530","Pilots, Hours, Order, February, Court"
RGUHS implements current evaluation system even for repeaters,,https://www.thehindu.com/news/national/karnataka/rguhs-implements-current-evaluation-system-even-for-repeaters/article69423583.ece,"Mon, 07 Apr 2025 21:43:59 +0530",N/A
Chief Minister Chandrababu Naidu lauds Andhra Pradesh’s economic growth,"State seet to achieve a GSDP growth rate of 16.28% by 2028-29 Financial Year, says the Chief Minister",https://www.thehindu.com/news/national/andhra-pradesh/chief-minister-chandrababu-naidu-lauds-andhra-pradeshs-economic-growth/article69423558.ece,"Mon, 07 Apr 2025 21:39:26 +0530","State, Seet, Achieve, Gsdp, Growth"
"Home births a blot on Kerala’s efforts to keep maternal, infant mortality at bay","State’s efforts to maintain its track record in advancing maternal and neonatal health being undermined by a small proportion which opts for home births, without any regard for the possible long-term impact on the health of the mothers and newborn babies",https://www.thehindu.com/news/national/kerala/home-births-a-blot-on-keralas-efforts-to-keep-maternal-infant-mortality-at-bay/article69423665.ece,"Mon, 07 Apr 2025 21:36:31 +0530","Health, State, Efforts, Maintain, Track"
Best Doctor Awards given away on World Health Day,"Minister inaugurates facilitation of digital payments for various services in government hospitals. In the first phase, 313 hospitals are being equipped",https://www.thehindu.com/news/national/kerala/best-doctor-awards-given-away-on-world-health-day/article69424122.ece,"Mon, 07 Apr 2025 21:36:23 +0530","Hospitals, Minister, Inaugurates, Facilitation, Digital"
A.P. unveils holistic healthcare vision: CM Chandrababu Naidu advocates lifestyle reform for a healthier State,"Disclosing a survey report that identified 10 diseases that accounted for more than 80% of the disease burden in Andhra Pradesh, CM advises regular exercise, diet and lifestyle changes to combat chronic ailments; Eluru, NTR and Krishna districts report the highest cases of dual incidence of hypertension and diabetes",https://www.thehindu.com/news/national/andhra-pradesh/ap-unveils-holistic-healthcare-vision-cm-chandrababu-naidu-advocates-lifestyle-reform-for-a-healthier-state/article69423188.ece,"Mon, 07 Apr 2025 21:35:52 +0530","Report, Disclosing, Survey, Identified, Diseases"
Fancy number ‘0007’ fetches ₹45.99 lakh in Ernakulam RTO auction,"The kerala government has notified six categories of fancy numbers with base prices ranging from ₹3,000 to ₹1 lakh. One (1) remains the most fancied number with a base price tag of ₹1 lakh.",https://www.thehindu.com/news/national/kerala/fancy-number-fetches-4599-lakh-in-ernakulam-rto-auction/article69423711.ece,"Mon, 07 Apr 2025 21:34:26 +0530","Base, Lakh, Kerala, Government, Notified"
Mongolia-tagged fishing eagle keeps visiting Kaziranga to breed since 2020,"The male Pallas’s fish eagle uses the Central Asian Flyway, one of the nine global waterbird migration routes, to travel between the rhino domain in Assam and Buuntsagaan Lake in Mongolia",https://www.thehindu.com/sci-tech/energy-and-environment/mongolia-tagged-fishing-eagle-keeps-visiting-kaziranga-to-breed-since-2020/article69423747.ece,"Mon, 07 Apr 2025 21:34:14 +0530","Male, Pallas, Fish, Eagle, Uses"
A.P. Industries Minister lauds services of Indian Red Cross Society,,https://www.thehindu.com/news/national/andhra-pradesh/ap-industries-minister-lauds-services-of-indian-red-cross-society/article69423978.ece,"Mon, 07 Apr 2025 21:31:41 +0530",N/A
"P4 inspiring people to come forward to partner government in development, says Chandrababu Naidu","many good people are willing to come forward to serve the poor under the P4 initiative (People–Private–Public–Partnership for Poverty Elimination), the Chief Minister said",https://www.thehindu.com/news/national/andhra-pradesh/p4-inspiring-people-to-come-forward-to-partner-government-in-development-says-chandrababu-naidu/article69423762.ece,"Mon, 07 Apr 2025 21:30:31 +0530","People, Many, Good, Willing, Come"
Singareni plans to develop 50 mini-tanks to improve groundwater table,,https://www.thehindu.com/news/national/telangana/singareni-plans-to-develop-50-mini-tanks-to-improve-groundwater-table/article69424208.ece,"Mon, 07 Apr 2025 21:27:17 +0530",N/A
Watch: Maharashtra Deputy CM Eknath Shinde speaks on Kunal Kamra’s controversy,"In an exclusive interview for the launch episode of ‘Pulse Maharashtra’ on The Hindu’s YouTube channel on Saturday, Mr. Shinde hinted at the Opposition party’s involvement in the incident",https://www.thehindu.com/news/national/maharashtra/watch-maharashtra-deputy-cm-eknath-shinde-speaks-on-kunal-kamras-controversy/article69424293.ece,"Mon, 07 Apr 2025 21:26:45 +0530","Exclusive, Interview, Launch, Episode, Pulse"
Thousands witness ‘Sita Rama Kalyanam’ in Tirupati,,https://www.thehindu.com/news/national/andhra-pradesh/thousands-witness-sita-rama-kalyanam-in-tirupati/article69423804.ece,"Mon, 07 Apr 2025 21:26:11 +0530",N/A
"Under attack, Naveen Patnaik says he will look into BJD MPs’ split voting on the Waqf Bill in the Rajya Sabha","Factionalism within the party intensified after V.K. Pandian, close aide of the former Odisha CM, was blamed for the party’s debacle in the Assembly election, and its controversial stance on the Waqf Bill",https://www.thehindu.com/news/national/odisha/under-attack-naveen-patnaik-says-he-will-look-into-bjd-mps-split-voting-on-the-waqf-bill-in-the-rajya-sabha/article69423569.ece,"Mon, 07 Apr 2025 21:25:59 +0530","Party, Factionalism, Within, Intensified, Pandian"
Encroachment complaints abound at Prajavani by HYDRAA,,https://www.thehindu.com/news/national/telangana/encroachment-complaints-abound-at-prajavani-by-hydraa/article69424070.ece,"Mon, 07 Apr 2025 21:23:51 +0530",N/A
BJP begins Janakrosha Yatre against Congress govt. in Karnataka from Mysuru,Vijayendra dismisses speculations over possible cracks BJP-JD(S) alliance,https://www.thehindu.com/news/national/karnataka/bjp-begins-janakrosha-yatre-against-congress-govt-in-karnataka-from-mysuru/article69423776.ece,"Mon, 07 Apr 2025 21:17:45 +0530","Vijayendra, Dismisses, Speculations, Possible, Cracks"
ED attaches ₹25.16-crore assets in illegal mining case,"The probe is based on a prosecution complaint filed by the Haryana State Pollution Control Board under the Environment Protection Act, against Goverdhan Mines and Minerals and others",https://www.thehindu.com/news/national/ed-attaches-2516-crore-assets-in-illegal-mining-case/article69423200.ece,"Mon, 07 Apr 2025 21:17:16 +0530","Probe, Based, Prosecution, Complaint, Filed"
FIR to be registered against teachers who use children to clean toilets in schools: DSEL,Department of School Education and Literacy has taken strong objection to teachers violating instructions issued to all government schools regarding the practice,https://www.thehindu.com/news/national/karnataka/fir-to-be-registered-against-teachers-who-use-children-to-clean-toilets-in-schools-dsel/article69422840.ece,"Mon, 07 Apr 2025 21:16:40 +0530","Department, School, Education, Literacy, Taken"
Telephone tapping case accused Prabhakar Rao cleaned his house before leaving for USA: police counter affidavit in HC,,https://www.thehindu.com/news/national/telangana/telephone-tapping-case-accused-prabhakar-rao-cleaned-his-house-before-leaving-for-usa-police-counter-affidavit-in-hc/article69424158.ece,"Mon, 07 Apr 2025 21:15:33 +0530",N/A
Parameshwara’s remark on molestation incident draws ire,,https://www.thehindu.com/news/national/karnataka/parameshwaras-remark-on-molestation-incident-draws-ire/article69423999.ece,"Mon, 07 Apr 2025 21:14:04 +0530",N/A
ED attaches assets of Dubai-based alleged international drug trafficker linked to Khalistan Liberation Force,"The ED probe is based on an FIR registered by the NIA against Hakimzada and others under various sections of the Unlawful Activities (Prevention) Act, and the Narcotic Drugs and Psychotropic Substances Act",https://www.thehindu.com/news/national/ed-attaches-assets-of-dubai-based-alleged-international-drug-trafficker-linked-to-khalistan-liberation-force/article69423264.ece,"Mon, 07 Apr 2025 21:11:12 +0530","Probe, Based, Registered, Hakimzada, Others"
IndiGo flight makes emergency landing at Chhatrapati Sambhajinagar after woman dies onboard,"The official said Sushila Devi, a native of Mirzapur in Uttar Pradesh, boarded the flight from Mumbai and started feeling unwell mid-air.",https://www.thehindu.com/news/national/maharashtra/indigo-flight-makes-emergency-landing-at-chhatrapati-sambhajinagar-after-woman-dies-onboard/article69423843.ece,"Mon, 07 Apr 2025 21:06:31 +0530","Official, Said, Sushila, Devi, Native"
"Yatre aimed at saving Vijayendra’s chair in State BJP unit, says Siddaramaiah","Vijayendra has not only lost the support of his party workers but that of the people of the State, the CM said",https://www.thehindu.com/news/national/karnataka/yatre-aimed-at-saving-vijayendras-chair-in-state-bjp-unit-says-siddaramaiah/article69423294.ece,"Mon, 07 Apr 2025 21:05:17 +0530","Vijayendra, Lost, Support, Party, Workers"
Telangana raises serious objections to A.P.’s Polavaram-Banakacherla link project at GRMB meet,"Godavari River Management Board meet decides to take up immediate repairs on Peddavagu project on cost sharing basis by A.P. and Telangana, based on the ayacut",https://www.thehindu.com/news/national/telangana/telangana-raises-serious-objections-to-aps-polavaram-banakacherla-link-project-at-grmb-meet/article69424004.ece,"Mon, 07 Apr 2025 21:02:59 +0530","Godavari, River, Management, Board, Meet"
UGC Chairman Jagadesh Kumar retires: A tenure of NEP 2020 reforms and overhauls in higher education,"As UGC Chairman, Jagadesh Kumar Mamidala implemented NEP 2020 reforms, dissolved UGC-CARE list, and sought to introduce flexibility in faculty appointments as well as in UG and PG programmes.",https://www.thehindu.com/education/ugc-chairman-jagadesh-kumar-retires-a-tenure-of-nep-2020-reforms-and-overhauls-in-higher-education/article69423962.ece,"Mon, 07 Apr 2025 21:01:12 +0530","Chairman, Jagadesh, Kumar, Mamidala, Implemented"
Congress MLA accuses BRS of launching smear campaign against fine rice scheme,,https://www.thehindu.com/news/national/telangana/congress-mla-accuses-brs-of-launching-smear-campaign-against-fine-rice-scheme/article69424066.ece,"Mon, 07 Apr 2025 21:01:10 +0530",N/A
"Telangana sees drop in crime rate, rise in detection of cases","Half-Yearly Crime Review meeting held at the DGP office on Monday, April 7",https://www.thehindu.com/news/national/telangana/telangana-sees-drope-in-crime-rate-rise-in-detection-of-cases/article69423874.ece,"Mon, 07 Apr 2025 20:59:05 +0530","Half, Yearly, Crime, Review, Meeting"
"Karnataka govt. hindering my efforts to bring in industries to the region, charges HDK",,https://www.thehindu.com/news/national/karnataka/hdk-accuses-karnataka-govt-of-hindering-his-efforts-to-bring-industries-to-the-region/article69422907.ece,"Mon, 07 Apr 2025 20:58:48 +0530",N/A
"80,000 devotees expected to visit Vontimitta for ‘Sita Rama Kalyanam’","Sufficient parking lots will be developed to park buses coming from Rajampeta and Kadapa routes, and if needed, local buses will be used to bring the devotees to the ‘Kalyana Vedika’, says Ramanarayana Reddy",https://www.thehindu.com/news/national/andhra-pradesh/80000-devotees-expected-to-visit-vontimitta-for-sita-rama-kalyanam/article69423910.ece,"Mon, 07 Apr 2025 20:58:15 +0530","Buses, Sufficient, Parking, Lots, Developed"
Resolve grievances within a week: TDP MLA Vijayachandra,,https://www.thehindu.com/news/national/andhra-pradesh/resolve-grievances-within-a-week-tdp-mla-vijayachandra/article69423326.ece,"Mon, 07 Apr 2025 20:57:03 +0530",N/A
"M.A. Baby defends CM’s daughter in ‘illegal payment’ scandal, says she did nothing wrong","Case fabricated against Veena just because she is the daughter of the Chief Minister, says CPI(M) general secretary",https://www.thehindu.com/news/national/kerala/ma-baby-defends-cms-daughter-in-illegal-payment-scandal-says-she-did-nothing-wrong/article69424074.ece,"Mon, 07 Apr 2025 20:56:34 +0530","Case, Fabricated, Veena, Daughter, Chief"
Services of pourakarmikas will be regularised on May Day: CM,,https://www.thehindu.com/news/national/karnataka/services-of-pourakarmikas-will-be-regularised-on-may-day-cm/article69423041.ece,"Mon, 07 Apr 2025 20:53:39 +0530",N/A
Chris Mason: What can Starmer do in a world buffeted by Trump?,The government is leaning into this moment of turbulence but can it make a difference.,https://www.bbc.com/news/articles/c75d73z3rkqo,"Mon, 07 Apr 2025 23:00:47 GMT","Government, Leaning, Moment, Turbulence, Make"
The English neighbourhood that could hold the secret to fixing the NHS,"With public satisfaction in the NHS just 21%, one area has a plan to shake up its services that could reduce GP waiting lists, as well as unblock hospital beds - but can it really work nationwide?",https://www.bbc.com/news/articles/cn4w2p79v9eo,"Mon, 07 Apr 2025 23:04:10 GMT","Public, Satisfaction, Area, Plan, Shake"
'A little miracle': First baby born in UK to woman with transplanted womb,Grace Davidson gave birth to a baby girl two years after her sister's womb was transplanted into her body.,https://www.bbc.com/news/articles/c78jd517z87o,"Mon, 07 Apr 2025 20:36:50 GMT","Grace, Davidson, Gave, Birth, Baby"
"US in direct nuclear talks with Iran, Trump says","The US president says negotiations have taken place at a ""very high level"" between the two countries.",https://www.bbc.com/news/articles/cx25e5rd2v9o,"Tue, 08 Apr 2025 00:00:35 GMT","President, Says, Negotiations, Taken, Place"
BBC Verify analyses video showing Israel's killing of Gaza medics,The IDF's killing of 15 emergency workers has drawn international condemnation.  BBC Verify examines new footage of the incident.,https://www.bbc.com/news/videos/cj9e22dezeno,"Mon, 07 Apr 2025 18:03:12 GMT","Killing, Emergency, Workers, Drawn, International"
Madonna and Elton John bury hatchet after lip-sync feud,"Madonna said the pair had reconciled after she went to ""confront"" Sir Elton following a performance of his new songs on Saturday Night Live.",https://www.bbc.com/news/articles/cwynd3l5vz3o,"Mon, 07 Apr 2025 21:49:31 GMT","Madonna, Said, Pair, Reconciled, Went"
"Corrie legend, social star and an Oscar nominee: Celebrity Big Brother kicks off",The latest Celebrity Big Brother begins on ITV - with ex-MP Michael Fabricant and EastEnder Patsy Palmer among the contestants.,https://www.bbc.com/news/articles/c4g2ejjr0n7o,"Mon, 07 Apr 2025 21:24:33 GMT","Latest, Celebrity, Brother, Begins, Michael"
King and Queen's new wedding anniversary photos in Italy,"Lord Llewellyn, Britain's ambassador to Italy, said the trip ""comes at a key moment"" as the UK government tries to reset EU relations after Brexit.",https://www.bbc.com/news/articles/c70ze48nel8o,"Mon, 07 Apr 2025 19:20:06 GMT","Lord, Llewellyn, Britain, Ambassador, Italy"
US top court allows Trump to use wartime law for deportations,A judge had blocked the Trump administration's use of the 1798 Alien Enemies Act to deport alleged Venezuelan gang members.,https://www.bbc.com/news/articles/cp34ylep987o,"Tue, 08 Apr 2025 02:13:03 GMT","Judge, Blocked, Trump, Administration, Alien"
Watch: Thick stench and piles of bin bags as Birmingham strike continues,Bin bags have continued to pile up in many areas and attract rats and other vermin as the strikes continue,https://www.bbc.com/news/videos/cx28x8kpr8go,"Mon, 07 Apr 2025 18:54:52 GMT","Bags, Continued, Pile, Many, Areas"
Ukrainian troops active in second Russian border region - Zelensky,Ukraine's operations in a second region in Russia are explicitly acknowledged for the first time.,https://www.bbc.com/news/articles/cwy7dv6zk36o,"Tue, 08 Apr 2025 00:43:35 GMT","Ukraine, Operations, Second, Region, Russia"
The homebuyers who lost thousands when their off-plan dream turned sour,"Enrico and Luciana Marini put money down on a flat in Leeds in 2021, only for it later to be devalued.",https://www.bbc.com/news/articles/c0kgr0y6e10o,"Mon, 07 Apr 2025 23:43:02 GMT","Enrico, Luciana, Marini, Money, Flat"
The Papers: 'New China tariff threat' and 'gift of life',Most of Tuesday's front pages lead with the latest turmoil on the world's markets.,https://www.bbc.com/news/articles/cgrg250llvpo,"Mon, 07 Apr 2025 22:48:50 GMT","Tuesday, Front, Pages, Lead, Latest"
Trump's game of chicken over tariffs leaves world guessing,"The US president is pressing ahead with his global tariffs, as even some allies wonder if he is going too far.",https://www.bbc.com/news/articles/cn80r185vmro,"Tue, 08 Apr 2025 00:30:04 GMT","President, Pressing, Ahead, Global, Tariffs"
Billionaire on trial in Azerbaijan who risks being left behind by peace deal,Ethnic Armenian Ruben Vardanyan's fortune is of little use now that he is facing a possible life term in jail.,https://www.bbc.com/news/articles/c86jw1w0n5vo,"Mon, 07 Apr 2025 23:48:01 GMT","Ethnic, Armenian, Ruben, Vardanyan, Fortune"
"Chemical burns, assaults, electric shocks - Gazans tell BBC of torture in Israeli detention","Interviews with five men held in the months after the Hamas attacks reveal allegations of violence and abuse, adding to reports of misconduct by military and prison staff.",https://www.bbc.com/news/articles/cn7vje365rno,"Mon, 07 Apr 2025 11:00:22 GMT","Interviews, Five, Held, Months, Hamas"
Plastic surgeon guilty of trying to kill colleague he wanted 'out of the way',Graeme Perks was stabbed after being disturbed by a break-in at his home on 14 January 2021.,https://www.bbc.com/news/articles/cly12gxxd1qo,"Mon, 07 Apr 2025 15:55:26 GMT","Graeme, Perks, Stabbed, Disturbed, Break"
Dozens die after torrential rain hammers Congolese capital,Kinshasa is prone to soil erosion and the president warned the climate crisis is making flooding worse.,https://www.bbc.com/news/articles/cr782rgn8x4o,"Mon, 07 Apr 2025 15:17:43 GMT","Kinshasa, Prone, Soil, Erosion, President"
"Apple's encryption row with UK should not be secret, court rules",The UK government sought to keep details of its row with Apple over requested access to its encrypted cloud storage tool private.,https://www.bbc.com/news/articles/cvgn1lz3v4no,"Mon, 07 Apr 2025 13:22:01 GMT","Government, Sought, Keep, Details, Apple"
Former PMs and home secretaries may face asylum centre inquiry,An internal Home Office document says allegations of failures at the holding centre in 2022 are likely to be “reputationally damaging” for the department.,https://www.bbc.com/news/articles/cd02ngnm58lo,"Mon, 07 Apr 2025 13:43:12 GMT","Internal, Home, Office, Document, Says"
"It was about censorship, says MP denied entry to Israel",Abtisam Mohamed and Yuan Yang were barred entering from the country over the weekend.,https://www.bbc.com/news/articles/cz013lv07m7o,"Mon, 07 Apr 2025 19:21:20 GMT","Abtisam, Mohamed, Yuan, Yang, Barred"
"Blondie drummer Clem Burke dies, aged 70","The musician, who had cancer, was the powerhouse behind hits like Atomic, Heart Of Glass and Call Me.",https://www.bbc.com/news/articles/c1wd0qvx2gvo,"Mon, 07 Apr 2025 15:14:42 GMT","Musician, Cancer, Powerhouse, Behind, Hits"
Myanmar fighting continues despite post-earthquake ceasefires,"The UN received reports that Myanmar's military had conducted attacks, while the military accused rebels of the same.",https://www.bbc.com/news/articles/cp31wk21zveo,"Mon, 07 Apr 2025 11:52:03 GMT","Military, Received, Reports, Myanmar, Conducted"
BBC News app,"Top stories, breaking news, live reporting, and follow news topics that match your interests",https://www.bbc.co.uk/news/10628994,"Tue, 20 Aug 2024 11:35:33 GMT","News, Stories, Breaking, Live, Reporting"
Trump’s Tariffs: US vs China,President Trump ramps up the threat of a trade war with possible more tariffs on China.,https://www.bbc.co.uk/sounds/play/p0l30fjz,"Mon, 07 Apr 2025 19:02:00 GMT","President, Trump, Ramps, Threat, Trade"
Americanswers! Which news stories are being overshadowed by Trump's tariffs?,"Measles, mass protests and mega-jails",https://www.bbc.co.uk/sounds/play/p0l30ghn,"Mon, 07 Apr 2025 19:15:00 GMT","Measles, Mass, Protests, Mega, Jails"
We watched every Premier League manager - here's what we found out,We watched every Premier League manager during this weekend's 10 fixtures - here's what we found out.,https://www.bbc.com/sport/football/articles/cn5x73x376eo,"Mon, 07 Apr 2025 22:42:59 GMT","Watched, Every, Premier, League, Manager"
Where do Premier League managers stand during a game?,BBC Sport analysed every Premier League manager during their matches at the weekend to see what each one did. These are the results.,https://www.bbc.com/sport/football/articles/c5y4g1eey59o,"Mon, 07 Apr 2025 22:44:18 GMT","Sport, Analysed, Every, Premier, League"
'As bad as it's ever been' - Have Leicester reached a new low?,Leicester City earn unwanted record as they become the first side in Football League history to lose eight home games in a row without scoring. Just how bad is it?,https://www.bbc.com/sport/football/articles/cz013933kgvo,"Mon, 07 Apr 2025 23:29:09 GMT","Leicester, City, Earn, Unwanted, Record"
Gambler Key plays the odds in naming Brook captain,Rob Key has played the odds in naming Harry Brook England's white-ball captain. Giving the job to Ben Stokes was too big a risk to take.,https://www.bbc.com/sport/cricket/articles/c2lzjdl5znlo,"Mon, 07 Apr 2025 15:37:39 GMT","Played, Odds, Naming, Harry, Brook"
Who has made Troy's Premier League team of the week?,"After every round of Premier League matches this season, Troy Deeney gives us his team of the week. Do you agree with his choices?",https://www.bbc.com/sport/football/articles/c62gzv6m555o,"Mon, 07 Apr 2025 22:52:09 GMT","Every, Round, Premier, League, Matches"
The last time I confess my real feelings - Humphries,Luke Humphries says he will keep quiet in future after receiving a backlash on social media after admitting to finding the darts schedule overwhelming.,https://www.bbc.com/sport/darts/articles/cdxnq67wl34o,"Mon, 07 Apr 2025 09:50:35 GMT","Luke, Humphries, Says, Keep, Quiet"
Injured Carson ruled out of Women's Six Nations,England will be without Mackenzie Carson and Charlotte Fray for the rest of their Women's Six Nations campaign.,https://www.bbc.com/sport/rugby-union/articles/ce8gmxmjy3eo,"Mon, 07 Apr 2025 14:00:25 GMT","England, Without, Mackenzie, Carson, Charlotte"
US stock market sinks lower after wild swings over Trump’s tariff plans,"US president threatens additional 50 percent tariff on China, as Beijing pledges to fight trade salvoes &#039;to the end.&#039;",https://www.aljazeera.com/economy/2025/4/8/us-stock-market-sinks-lower-after-wild-swings-over-trumps-tariff-plans?traffic_source=rss,"Tue, 08 Apr 2025 02:11:09 +0000","President, Threatens, Additional, Percent, Tariff"
Trump: US having direct talks with Iran on nuclear program,President Trump says the US is holding direct talks with Iran on its nuclear program with “a very big meeting” Saturday.,https://www.aljazeera.com/program/newsfeed/2025/4/7/trump-us-having-direct-talks-with-iran-on-nuclear-program?traffic_source=rss,"Mon, 07 Apr 2025 20:52:59 +0000","President, Trump, Says, Holding, Direct"
Hundreds mourn Palestinian-American teen killed by Israeli forces,Footage shows the moment 14-year-old Palestinian teen Omar Mohammad Rabea was allegedly fatally shot by Israeli forces.,https://www.aljazeera.com/program/newsfeed/2025/4/7/hundreds-mourn-palestinian-american-teen-killed-by-israeli-forces?traffic_source=rss,"Mon, 07 Apr 2025 20:44:30 +0000","Footage, Shows, Moment, Year, Palestinian"
Trump claims US held direct nuclear talks with Iran,"US president makes claim in media conference with Israeli Prime Minister Netanyahu, while also threatening Tehran.",https://www.aljazeera.com/news/2025/4/7/trump-claims-direct-us-talks-with-iran-on-nuclear-deal-have-begun?traffic_source=rss,"Mon, 07 Apr 2025 20:41:02 +0000","President, Makes, Claim, Media, Conference"
Trump: Palestinians could live in redeveloped Gaza ‘freedom zone’,US President Donald Trump again pitched his idea to redevelop the Gaza Strip into what he termed a “freedom zone.”,https://www.aljazeera.com/video/newsfeed/2025/4/7/trump-palestinians-could-live-in-redeveloped-gaza-freedom?traffic_source=rss,"Mon, 07 Apr 2025 20:26:34 +0000","President, Donald, Trump, Pitched, Idea"
Could US tariffs cause lasting damage to the global economy?,US President Donald Trump won&#039;t relent on tariffs despite global criticism.,https://www.aljazeera.com/program/inside-story/2025/4/7/could-us-tariffs-cause-lasting-damage-to-the-global-economy?traffic_source=rss,"Mon, 07 Apr 2025 20:24:20 +0000","President, Donald, Trump, Relent, Tariffs"
PRCS calls for ‘independent’ investigation into killings of Gaza medics,Palestinian Red Crescent Society is demanding an independent investigation into Israel’s killing of 15 medics in Rafah.,https://www.aljazeera.com/video/newsfeed/2025/4/7/prcs-calls-for-independent-investigation-into-killings-of-gaza-medics?traffic_source=rss,"Mon, 07 Apr 2025 20:02:30 +0000","Palestinian, Crescent, Society, Demanding, Independent"
UK lawyers accuse 10 Britons who fought for Israel in Gaza of war crimes,UK and international lawyers have filed a war crimes complaint against 10 Britons who fought with Israel&#039;s army in Gaza.,https://www.aljazeera.com/news/2025/4/7/uk-lawyers-accuse-10-britons-who-fought-for-israel-in-gaza-of-war-crimes?traffic_source=rss,"Mon, 07 Apr 2025 19:33:07 +0000","International, Lawyers, Filed, Crimes, Complaint"
"MSF finds malnourished children in Greek migrant camp, urges action",Doctors Without Borders raises alarm over child malnutrition in Greece’s migrant facility.,https://www.aljazeera.com/news/2025/4/7/msf-finds-malnourished-children-in-greek-migrant-camp-urges-action?traffic_source=rss,"Mon, 07 Apr 2025 19:06:46 +0000","Doctors, Without, Borders, Raises, Alarm"
EU offers zero tariff deal to US but prepares for trade war,Brussels pushes for trade talks with Washington while preparing countermeasures on tariffs.,https://www.aljazeera.com/news/2025/4/7/eu-offers-zero-tariff-deal-to-us-but-prepares-for-trade-war?traffic_source=rss,"Mon, 07 Apr 2025 17:31:25 +0000","Brussels, Pushes, Trade, Talks, Washington"
Afghans leaving Pakistan amid mass deportations,Thousands of Afghans streamed across the Torkham border as Pakistan ramped up deportations after a March 31 deadline.,https://www.aljazeera.com/program/newsfeed/2025/4/7/afghans-leaving-pakistan-amid-mass-deportations?traffic_source=rss,"Mon, 07 Apr 2025 17:07:10 +0000","Thousands, Afghans, Streamed, Across, Torkham"
Red Crescent demands international probe into Israel killing of Gaza medics,"Palestine Red Crescent says Israel&#039;s attack constitutes a &#039;full-fledged war crime&#039;, calls for commission to investigate.",https://www.aljazeera.com/news/2025/4/7/red-crescent-demands-international-probe-into-israel-killing-of-gaza-medics?traffic_source=rss,"Mon, 07 Apr 2025 16:59:56 +0000","Palestine, Crescent, Says, Israel, Attack"
Africa must shun Trump’s push to resurrect coal,"Clean energy can be Africa’s greatest success story, which is why its leaders must not fall for US pro-coal lobbying.",https://www.aljazeera.com/opinions/2025/4/7/africa-must-shun-trumps-push-to-resurrect-coal?traffic_source=rss,"Mon, 07 Apr 2025 16:14:25 +0000","Clean, Energy, Africa, Greatest, Success"
"Targeted, killed, burned alive: Journalists in Gaza attacked by Israel","In latest attack on reporters in Gaza, a journalist burns alive and others are wounded in strike on media tent.",https://www.aljazeera.com/features/2025/4/7/targeted-killed-burned-alive-journalists-in-gaza-attacked-by-israel?traffic_source=rss,"Mon, 07 Apr 2025 15:37:38 +0000","Latest, Attack, Reporters, Gaza, Journalist"
"Macron, Sisi call for Gaza ceasefire and release of captives","The leaders of France, Egypt, and Jordan discussed efforts to end Israel&#039;s war on Gaza at a meeting in Cairo.",https://www.aljazeera.com/program/newsfeed/2025/4/7/macron-sisi-call-for-gaza-ceasefire-and-release-of-captives?traffic_source=rss,"Mon, 07 Apr 2025 15:20:47 +0000","Leaders, France, Egypt, Jordan, Discussed"
Why has Trump revoked all South Sudanese visas?,A US deportee who South Sudanese officials say is not from the country is at the root of the spat.,https://www.aljazeera.com/news/2025/4/7/why-has-trump-revoked-all-south-sudanese-visas?traffic_source=rss,"Mon, 07 Apr 2025 13:40:33 +0000","Deportee, South, Sudanese, Officials, Country"
Serbia’s President Vucic taps novice prime minister amid protest pressure,Nomination of endocrinologist Djuro Macut likely to pass parliament despite opposition fury.,https://www.aljazeera.com/news/2025/4/7/serbias-president-vucic-taps-novice-prime-minister-amid-protest-pressure?traffic_source=rss,"Mon, 07 Apr 2025 13:27:48 +0000","Nomination, Endocrinologist, Djuro, Macut, Likely"
Video: Israeli attack on media camp kills two journalists in Gaza,Two Palestinian journalists in Gaza have been killed by an Israeli attack that engulfed a media camp in flames.,https://www.aljazeera.com/video/newsfeed/2025/4/7/video-israeli-attack-on-media-camp-kills-two-journalists-in-gaza?traffic_source=rss,"Mon, 07 Apr 2025 13:23:00 +0000","Palestinian, Journalists, Gaza, Killed, Israeli"
Israeli attacks in Gaza killing or injuring ‘100 children a day’,Children were among the victims of Israel’s overnight attack on houses across Khan Younis in Gaza.,https://www.aljazeera.com/program/newsfeed/2025/4/7/israeli-attacks-in-gaza-killing-or-injuring-100-children-a?traffic_source=rss,"Mon, 07 Apr 2025 13:22:32 +0000","Children, Among, Victims, Israel, Overnight"
Ukraine to discuss minerals deal with US as Russia drags feet on ceasefire,Ukraine to send team to discuss the latest US proposal as Russia cites &#039;unanswered questions&#039; in ceasefire plan.,https://www.aljazeera.com/news/2025/4/7/ukrainian-team-to-negotiate-latest-minerals-deal-with-us-as-ceasefire-lags?traffic_source=rss,"Mon, 07 Apr 2025 13:05:35 +0000","Ukraine, Send, Team, Discuss, Latest"
Ukrainians doubt potential of Trump’s peace plan amid deadly Russia attacks,Ukrainian servicemen and civilian survivors of deadly attacks say a ceasefire seems a distant prospect.,https://www.aljazeera.com/news/2025/4/7/as-russia-attacks-ukrainians-doubt-potential-of-trumps-peace-plan?traffic_source=rss,"Mon, 07 Apr 2025 12:45:21 +0000","Ukrainian, Servicemen, Civilian, Survivors, Deadly"
Algeria closes airspace to Mali aircraft as drone row escalates,"Mali, Burkina Faso and Niger recall ambassadors to Algeria amid deteriorating relations and shooting down of Mali drone.",https://www.aljazeera.com/news/2025/4/7/alliance-of-sahel-states-recall-ambassadors-as-tension-with-algeria-rises?traffic_source=rss,"Mon, 07 Apr 2025 12:20:24 +0000","Mali, Burkina, Faso, Niger, Recall"
Musk vs Navarro: Is the Trump team divided on tariffs?,"Elon Musk publicly clashes with Trump&#039;s trade adviser Peter Navarro, calls for zero-tariff deal with Europe.",https://www.aljazeera.com/news/2025/4/7/musk-vs-navarro-is-the-trump-team-divided-on-tariffs?traffic_source=rss,"Mon, 07 Apr 2025 11:21:45 +0000","Elon, Musk, Publicly, Clashes, Trump"
Israeli strike on media tent extends journalist death toll in Gaza,Deaths add to the casualty numbers in what has been declared the deadliest ever war for media workers.,https://www.aljazeera.com/news/2025/4/7/israel-bombs-media-tent-in-gaza-killing-and-wounding-reporters?traffic_source=rss,"Mon, 07 Apr 2025 10:29:45 +0000","Deaths, Casualty, Numbers, Declared, Deadliest"
Dominican Republic boosts security on border with crisis-ridden Haiti,Caribbean island nation moving to extend border wall and eject migrants as violence and anarchy plague the neighbour.,https://www.aljazeera.com/news/2025/4/7/dominican-republic-boosts-security-on-border-with-crisis-ridden-haiti?traffic_source=rss,"Mon, 07 Apr 2025 09:09:55 +0000","Caribbean, Island, Nation, Moving, Extend"
